case,proxy,gap_band,gap_range,group,pairs,agreement,lo,hi
subway_safety,crime_density,0,0.598-284,code < 5,1115,0.443,0.4141,0.4724
subway_safety,crime_density,0,5.5-284,code >= 5,326,0.4479,0.3948,0.5021
subway_safety,crime_density,1,284-627,code < 5,1106,0.4222,0.3935,0.4516
subway_safety,crime_density,1,288-627,code >= 5,336,0.4435,0.3913,0.4969
subway_safety,crime_density,2,628-1.21e+03,code < 5,1132,0.3869,0.359,0.4156
subway_safety,crime_density,2,628-1.21e+03,code >= 5,330,0.3818,0.331,0.4353
subway_safety,crime_density,3,1.21e+03-2.77e+03,code < 5,1077,0.2293,0.2052,0.2554
subway_safety,crime_density,3,1.21e+03-2.77e+03,code >= 5,341,0.2727,0.2282,0.3223
subway_safety,median_household_income,0,62.2-2.09e+04,code < 5,1081,0.5291,0.4993,0.5587
subway_safety,median_household_income,0,62.2-2.09e+04,code >= 5,323,0.4892,0.4351,0.5435
subway_safety,median_household_income,1,2.09e+04-4.99e+04,code < 5,1074,0.5912,0.5616,0.6203
subway_safety,median_household_income,1,2.09e+04-4.97e+04,code >= 5,329,0.5471,0.4931,0.6
subway_safety,median_household_income,2,4.99e+04-8.71e+04,code < 5,1048,0.7118,0.6837,0.7384
subway_safety,median_household_income,2,4.99e+04-8.68e+04,code >= 5,358,0.6425,0.5915,0.6904
subway_safety,median_household_income,3,8.72e+04-1.55e+05,code < 5,1113,0.814,0.7901,0.8358
subway_safety,median_household_income,3,8.72e+04-1.55e+05,code >= 5,288,0.7465,0.6933,0.7933
libraries,libraries,0,23.5-1.42e+04,code < 5,1347,0.5071,0.4804,0.5337
libraries,libraries,0,62.2-1.41e+04,code >= 5,110,0.5182,0.4258,0.6094
libraries,libraries,1,1.42e+04-3.46e+04,code < 5,1354,0.4897,0.4631,0.5163
libraries,libraries,1,1.42e+04-3.46e+04,code >= 5,104,0.4712,0.378,0.5664
libraries,libraries,2,3.48e+04-6.86e+04,code < 5,1338,0.5792,0.5526,0.6054
libraries,libraries,2,3.51e+04-6.86e+04,code >= 5,116,0.6121,0.5212,0.6958
libraries,libraries,3,6.86e+04-1.55e+05,code < 5,1316,0.6809,0.6552,0.7055
libraries,libraries,3,6.87e+04-1.4e+05,code >= 5,135,0.6741,0.5911,0.7474
schools,schools,0,1.99e-05-0.00922,code < 5,999,0.4965,0.4656,0.5275
schools,schools,0,1.99e-05-0.00886,code >= 5,184,0.462,0.3914,0.534
schools,schools,1,0.00924-0.0202,code < 5,1020,0.5176,0.487,0.5482
schools,schools,1,0.00927-0.0201,code >= 5,158,0.538,0.4603,0.6139
schools,schools,2,0.0202-0.0337,code < 5,1040,0.5183,0.4879,0.5485
schools,schools,2,0.0207-0.0337,code >= 5,139,0.4388,0.3591,0.5219
schools,schools,3,0.0337-0.0772,code < 5,1006,0.5507,0.5198,0.5812
schools,schools,3,0.0338-0.0743,code >= 5,174,0.523,0.4491,0.5959
parks_plazas,crime_density,0,0.598-264,code < 5,1639,0.4869,0.4627,0.5111
parks_plazas,crime_density,0,3.06-262,code >= 5,105,0.5905,0.4948,0.6797
parks_plazas,crime_density,1,265-567,code < 5,1618,0.513,0.4886,0.5373
parks_plazas,crime_density,1,268-566,code >= 5,123,0.5528,0.4647,0.6378
parks_plazas,crime_density,2,567-972,code < 5,1615,0.5084,0.484,0.5327
parks_plazas,crime_density,2,568-967,code >= 5,134,0.4776,0.3948,0.5616
parks_plazas,crime_density,3,973-2.74e+03,code < 5,1599,0.4271,0.4031,0.4515
parks_plazas,crime_density,3,974-2.74e+03,code >= 5,136,0.4191,0.3395,0.5032
parks_plazas,median_household_income,0,23.5-2.07e+04,code < 5,1611,0.5102,0.4858,0.5346
parks_plazas,median_household_income,0,62.2-1.93e+04,code >= 5,127,0.5591,0.4722,0.6424
parks_plazas,median_household_income,1,2.07e+04-4.6e+04,code < 5,1659,0.5714,0.5475,0.5951
parks_plazas,median_household_income,1,2.09e+04-4.6e+04,code >= 5,100,0.6,0.502,0.6906
parks_plazas,median_household_income,2,4.6e+04-7.97e+04,code < 5,1578,0.661,0.6372,0.6839
parks_plazas,median_household_income,2,4.63e+04-7.97e+04,code >= 5,131,0.6107,0.5252,0.6899
parks_plazas,median_household_income,3,7.99e+04-1.55e+05,code < 5,1594,0.7309,0.7086,0.7521
parks_plazas,median_household_income,3,7.99e+04-1.52e+05,code >= 5,137,0.7299,0.6501,0.7973
parks_plazas,pip_acceptable_rate,0,0.000133-0.0247,code < 5,1619,0.5392,0.5149,0.5634
parks_plazas,pip_acceptable_rate,0,0.000453-0.0247,code >= 5,124,0.5161,0.429,0.6023
parks_plazas,pip_acceptable_rate,1,0.0247-0.0503,code < 5,1625,0.5828,0.5586,0.6065
parks_plazas,pip_acceptable_rate,1,0.0248-0.0503,code >= 5,118,0.5932,0.503,0.6776
parks_plazas,pip_acceptable_rate,2,0.0508-0.0889,code < 5,1596,0.6128,0.5886,0.6364
parks_plazas,pip_acceptable_rate,2,0.0508-0.0889,code >= 5,144,0.5972,0.5156,0.6738
parks_plazas,pip_acceptable_rate,3,0.0892-0.282,code < 5,1631,0.6714,0.6482,0.6937
parks_plazas,pip_acceptable_rate,3,0.0894-0.279,code >= 5,111,0.7027,0.6121,0.7798
restaurants,restaurants,0,0.00025-0.439,code < 5,1797,0.5209,0.4978,0.5439
restaurants,restaurants,0,0.00542-0.439,code >= 5,227,0.5198,0.455,0.5839
restaurants,restaurants,1,0.44-0.93,code < 5,1795,0.5304,0.5072,0.5534
restaurants,restaurants,1,0.441-0.927,code >= 5,231,0.5022,0.4382,0.5661
restaurants,restaurants,2,0.931-1.68,code < 5,1757,0.5748,0.5516,0.5978
restaurants,restaurants,2,0.932-1.67,code >= 5,259,0.5483,0.4874,0.6077
restaurants,restaurants,3,1.69-5.28,code < 5,1787,0.6172,0.5945,0.6395
restaurants,restaurants,3,1.69-4.97,code >= 5,232,0.6379,0.5743,0.6971
road_quality,crime_density,0,0.0194-175,code < 5,2289,0.5382,0.5178,0.5586
road_quality,crime_density,0,2.39-175,code >= 5,134,0.5299,0.4457,0.6123
road_quality,crime_density,1,175-412,code < 5,2259,0.56,0.5394,0.5803
road_quality,crime_density,1,176-412,code >= 5,132,0.4924,0.4086,0.5767
road_quality,crime_density,2,413-802,code < 5,2260,0.5053,0.4847,0.5259
road_quality,crime_density,2,427-802,code >= 5,136,0.5,0.4171,0.5829
road_quality,crime_density,3,803-2.78e+03,code < 5,2246,0.5071,0.4865,0.5278
road_quality,crime_density,3,807-2.77e+03,code >= 5,157,0.6051,0.527,0.6782
road_quality,dot_pavement_rating,0,7.76e-05-0.155,code < 5,2160,0.5019,0.4808,0.5229
road_quality,dot_pavement_rating,0,0.00145-0.155,code >= 5,146,0.4589,0.3802,0.5398
road_quality,dot_pavement_rating,1,0.155-0.345,code < 5,2178,0.5018,0.4809,0.5228
road_quality,dot_pavement_rating,1,0.162-0.344,code >= 5,132,0.4924,0.4086,0.5767
road_quality,dot_pavement_rating,2,0.346-0.584,code < 5,2177,0.5085,0.4875,0.5295
road_quality,dot_pavement_rating,2,0.348-0.584,code >= 5,124,0.4597,0.3745,0.5473
road_quality,dot_pavement_rating,3,0.584-2.51,code < 5,2168,0.5203,0.4992,0.5413
road_quality,dot_pavement_rating,3,0.584-2.45,code >= 5,132,0.4848,0.4012,0.5693
road_quality,median_household_income,0,23.5-1.41e+04,code < 5,2132,0.5047,0.4835,0.5259
road_quality,median_household_income,0,281-1.41e+04,code >= 5,130,0.4154,0.3343,0.5013
road_quality,median_household_income,1,1.41e+04-2.86e+04,code < 5,2131,0.5514,0.5302,0.5724
road_quality,median_household_income,1,1.41e+04-2.86e+04,code >= 5,125,0.496,0.4098,0.5825
road_quality,median_household_income,2,2.86e+04-5.25e+04,code < 5,2122,0.5509,0.5297,0.5719
road_quality,median_household_income,2,2.87e+04-5.21e+04,code >= 5,138,0.5145,0.4318,0.5964
road_quality,median_household_income,3,5.25e+04-1.55e+05,code < 5,2128,0.5785,0.5574,0.5993
road_quality,median_household_income,3,5.25e+04-1.42e+05,code >= 5,127,0.5118,0.4258,0.5971
road_quality,pothole_repairs,0,0.0207-13.8,code < 5,2261,0.51,0.4893,0.5305
road_quality,pothole_repairs,0,0.0207-13.8,code >= 5,128,0.5156,0.4299,0.6005
road_quality,pothole_repairs,1,13.9-30.8,code < 5,2250,0.5089,0.4882,0.5295
road_quality,pothole_repairs,1,14-30.6,code >= 5,140,0.5357,0.4533,0.6163
road_quality,pothole_repairs,2,30.8-57.3,code < 5,2229,0.5146,0.4938,0.5353
road_quality,pothole_repairs,2,30.9-57.3,code >= 5,150,0.5133,0.434,0.592
road_quality,pothole_repairs,3,57.5-315,code < 5,2248,0.4969,0.4762,0.5175
road_quality,pothole_repairs,3,58-312,code >= 5,137,0.562,0.4784,0.6423
