block,word,weight,count,rank,also_in
dimension,building,168.52227,137265,1,
dimension,brick,162.12543,59274,2,
dimension,clean,156.84548,64899,3,
dimension,large,146.19722,50368,4,
dimension,trees,141.07616,47140,5,
dimension,sidewalk,138.08091,61759,6,
dimension,cars,131.63261,38967,7,
dimension,windows,123.04905,34317,8,
dimension,asphalt,115.83745,30445,9,
dimension,road,110.60851,39078,10,
dimension,parked,109.34707,34094,11,
dimension,fence,107.40611,27275,12,
dimension,surface,107.06408,30034,13,
dimension,area,105.99357,69457,14,
dimension,visible,105.76163,44868,15,
dimension,looks,105.59738,185206,16,verdict
dimension,shows,97.5873,37098,17,
dimension,white,95.35779,20617,18,
dimension,relatively,94.90442,20334,19,
dimension,somewhat,93.83944,22792,20,
dimension,lot,91.95509,25899,21,
dimension,foreground,91.68766,20022,22,
dimension,cracks,90.42508,24746,23,
dimension,street,89.6613,123118,24,weighing
dimension,facade,89.5991,20101,25,
dimension,smooth,87.53732,17326,26,
dimension,modern,86.88728,43153,27,
dimension,structure,85.94562,19792,28,
dimension,lane,85.41331,16487,29,
dimension,bit,81.08514,48793,30,hedge
dimension,red,81.0365,15699,31,
dimension,markings,80.35717,15191,32,
dimension,car,76.91817,14227,33,
dimension,older,76.25051,22028,34,
dimension,glass,74.22668,13242,35,
dimension,multi,74.08059,12879,36,
dimension,crosswalk,73.89528,12350,37,
dimension,debris,73.02658,13607,38,
dimension,pavement,70.76528,12796,39,
dimension,lines,69.10284,10900,40,
dimension,patches,68.4941,11751,41,
dimension,blue,67.42995,10288,42,
dimension,ground,66.92315,14090,43,
dimension,story,66.83931,10737,44,
dimension,wide,66.5005,13601,45,
dimension,worn,66.0883,14466,46,
dimension,stone,64.13569,9315,47,
dimension,sign,62.54417,28415,48,
dimension,tree,62.27802,11335,49,
dimension,black,61.53013,8561,50,
dimension,green,59.59662,14050,51,
dimension,bike,59.45529,8467,52,
dimension,walking,58.51231,8851,53,
dimension,bus,57.73295,10148,54,
dimension,truck,57.62217,11535,55,
dimension,appears,57.58343,8591,56,
dimension,industrial,56.84119,11795,57,
dimension,scaffolding,56.82727,11515,58,
dimension,metal,56.54267,7594,59,
dimension,trash,56.16561,11763,60,
dimension,busy,56.09687,17143,61,weighing
dimension,concrete,55.86418,7062,62,
dimension,lots,55.68196,8432,63,
dimension,bushes,55.44307,6950,64,
dimension,orange,54.96506,6874,65,
dimension,houses,54.91586,7892,66,
dimension,bright,53.87096,7393,67,
dimension,near,53.57161,13147,68,
dimension,yellow,53.54833,6862,69,
dimension,intact,52.79909,6304,70,
dimension,storefront,52.72882,9352,71,
dimension,residential,52.66673,19664,72,
dimension,wear,52.5962,15634,73,
dimension,elevated,52.45215,7469,74,
dimension,wall,52.42109,8634,75,
dimension,clear,52.12101,45689,76,
dimension,apartment,51.55599,7121,77,
dimension,uneven,51.28723,6203,78,
dimension,dirt,51.2206,6971,79,
dimension,classic,50.6085,11942,80,
dimension,storefronts,50.10948,7483,81,
dimension,brickwork,50.01398,5702,82,
dimension,paved,49.4577,7924,83,
dimension,greenery,49.45132,10232,84,
dimension,leaves,49.2549,5708,85,
dimension,quite,49.15303,17749,86,
dimension,uniform,48.39924,5867,87,
dimension,commercial,48.12907,12648,88,
dimension,person,48.06206,5348,89,
dimension,sky,47.68849,5190,90,
dimension,overhead,47.60122,5152,91,
dimension,style,47.40891,10263,92,
dimension,tall,47.2274,5069,93,
dimension,parking,47.14452,8671,94,
dimension,dark,46.95233,8183,95,
dimension,van,46.85185,5349,96,
dimension,suv,46.63815,6311,97,
dimension,barriers,46.44783,5568,98,
dimension,scene,46.28504,15017,99,
dimension,grass,45.21259,5984,100,
dimension,corner,44.83301,7639,101,
dimension,texture,44.72504,6051,102,
dimension,multiple,44.04132,4390,103,
dimension,graffiti,43.59666,10137,104,
dimension,entrance,42.73148,49056,105,dismissal;reconsideration
dimension,construction,42.72158,31949,106,weighing
dimension,grey,42.47962,4084,107,
dimension,cluttered,42.15663,8511,108,
dimension,urban,42.05426,31809,109,perspective
dimension,tidy,41.74875,5539,110,
dimension,shadows,41.59975,6440,111,
dimension,smaller,41.25163,6641,112,
dimension,row,41.20944,3895,113,
dimension,signage,41.07308,5364,114,
dimension,weathered,40.79679,4879,115,
dimension,fairly,40.56303,7738,116,
dimension,awning,40.12692,4195,117,
dimension,power,39.6599,3574,118,
dimension,traffic,39.18305,12806,119,weighing
dimension,curb,39.13316,4158,120,
perspective,usually,256.6057,27405,1,weighing
perspective,better,241.50026,40611,2,hedge;verdict;weighing
perspective,perceived,137.29735,7897,3,weighing
perspective,photography,124.99864,11492,4,verdict;weighing
perspective,types,99.77551,4859,5,weighing
perspective,visual,96.85642,6193,6,verdict;weighing
perspective,safer,95.53115,8865,7,hedge;verdict;weighing
perspective,generally,93.73813,4570,8,weighing
perspective,areas,93.0367,4957,9,weighing
perspective,thrives,86.61256,3393,10,
perspective,tasks,85.808,3979,11,hedge;weighing
perspective,quality,85.0415,6895,12,dismissal;hedge;verdict
perspective,facilities,84.49246,3418,13,weighing
perspective,considered,84.24455,5075,14,hedge;weighing
perspective,refers,83.76701,3314,15,weighing
perspective,maintenance,79.27952,6808,16,hedge;verdict
perspective,interesting,74.08145,4357,17,weighing
perspective,higher,68.01923,2867,18,weighing
perspective,human,67.72266,2083,19,
perspective,prefer,67.2812,3984,20,hedge;verdict;weighing
perspective,cleaner,66.76311,4322,21,weighing
perspective,architecture,63.78866,5961,22,
perspective,based,62.99132,3644,23,dismissal;hedge;verdict
perspective,cleanliness,61.08702,1655,24,
perspective,information,60.29279,2522,25,dismissal;verdict
perspective,associated,60.26324,1638,26,weighing
perspective,lack,60.12257,1951,27,
perspective,significantly,59.97425,3254,28,hedge;verdict;weighing
perspective,safety,59.04038,4876,29,hedge;verdict;weighing
perspective,newer,58.12412,3827,30,
perspective,questions,57.1033,1535,31,
perspective,experience,56.19331,1910,32,verdict;weighing
perspective,comparisons,53.58238,1220,33,weighing
perspective,typically,53.51102,1171,34,
perspective,environments,53.16029,1482,35,verdict
perspective,appearance,52.40175,2524,36,verdict
perspective,textures,51.73763,2697,37,
perspective,make,51.10525,2156,38,hedge;verdict
perspective,eyes,50.63459,1617,39,weighing
perspective,exterior,48.76574,3128,40,dismissal;verdict
perspective,visibility,48.71242,3115,41,weighing
perspective,schools,48.59954,3918,42,dismissal;hedge;reconsideration;verdict
perspective,streets,48.5214,2110,43,dismissal;verdict;weighing
perspective,smoother,48.51161,2440,44,
perspective,finished,48.45125,1827,45,weighing
perspective,dining,48.38642,2398,46,verdict
perspective,meal,46.88283,1335,47,weighing
perspective,interaction,46.48953,869,48,
perspective,preferred,46.33262,1201,49,verdict;weighing
perspective,worse,45.02574,1734,50,verdict;weighing
perspective,definitely,44.81852,2479,51,verdict;weighing
perspective,appeal,44.47326,1249,52,weighing
perspective,contexts,43.57518,929,53,
perspective,context,43.55903,1346,54,
perspective,aesthetic,42.67998,2215,55,weighing
perspective,benefits,42.3858,863,56,
perspective,refer,42.15105,827,57,
perspective,place,41.863,3185,58,
perspective,nicer,41.84266,1957,59,verdict;weighing
perspective,highly,41.4187,1009,60,
perspective,offers,41.41106,1323,61,weighing
perspective,life,41.08192,1727,62,
perspective,state,41.05093,1591,63,
perspective,upkeep,40.6084,858,64,
perspective,dedicated,39.7284,1548,65,
perspective,resources,39.4257,792,66,weighing
perspective,aesthetics,39.08923,898,67,weighing
perspective,people,38.90997,7193,68,weighing
perspective,correlates,38.16549,620,69,weighing
perspective,grander,36.6495,910,70,
perspective,preference,36.20358,1288,71,dismissal;hedge
perspective,unique,35.7672,1071,72,
perspective,relates,35.71764,511,73,
perspective,personally,35.61235,598,74,
perspective,evaluations,35.58745,522,75,
perspective,activity,35.42651,2008,76,
perspective,high,35.06535,4994,77,weighing
perspective,lit,34.73842,3077,78,weighing
perspective,spaces,34.42344,1196,79,verdict
perspective,favors,34.38511,476,80,weighing
perspective,prompts,34.22549,1001,81,hedge;reconsideration
perspective,assessments,32.74049,433,82,weighing
perspective,solely,32.3956,560,83,
perspective,site,32.24766,2598,84,weighing
perspective,difficult,31.67701,740,85,hedge
perspective,infrastructure,31.57484,1519,86,
perspective,favor,31.4858,477,87,weighing
perspective,purely,31.3636,626,88,
perspective,space,31.16612,4200,89,
perspective,tests,31.15237,509,90,weighing
perspective,presence,30.8903,945,91,
perspective,eating,30.35563,505,92,verdict;weighing
perspective,character,29.79494,1142,93,weighing
perspective,prestigious,29.02288,943,94,
perspective,elements,28.84234,1829,95,weighing
perspective,visually,28.75537,1331,96,weighing
perspective,rated,28.66795,379,97,weighing
perspective,external,28.62054,557,98,verdict
perspective,inviting,28.59303,1079,99,
perspective,implies,28.58316,1118,100,weighing
perspective,movement,28.34726,611,101,
perspective,variety,28.2603,1552,102,weighing
perspective,subjects,28.01295,710,103,
perspective,highways,27.81841,352,104,weighing
perspective,zones,27.77756,407,105,
perspective,involves,27.72665,305,106,
perspective,cues,27.57238,627,107,reconsideration
perspective,lighting,27.27778,2195,108,
perspective,sit,27.26909,751,109,
perspective,roads,26.7582,656,110,verdict;weighing
perspective,physical,26.54701,530,111,
perspective,aesthetically,26.52,824,112,
perspective,funded,26.41683,744,113,
perspective,facility,26.2325,1739,114,verdict
perspective,environment,26.09306,2241,115,
perspective,funding,25.91085,317,116,
perspective,determine,25.85457,532,117,
perspective,prestige,25.82779,443,118,
perspective,sites,25.69562,429,119,
perspective,ones,25.64578,615,120,
weighing,difference,76.77769,1340,1,hedge;verdict
weighing,wins,41.93066,235,2,
weighing,means,40.11245,414,3,perspective;verdict
weighing,hand,33.00086,153,4,
weighing,stark,31.84763,198,5,
weighing,contrast,31.10985,296,6,
weighing,photographers,30.21586,322,7,dismissal
weighing,want,29.0164,244,8,hedge
weighing,leans,28.56175,134,9,
weighing,highway,24.40915,489,10,
weighing,photographer,22.84,158,11,reconsideration
weighing,win,21.83688,66,12,
weighing,openness,21.49006,108,13,verdict
weighing,extreme,21.27302,161,14,verdict
weighing,huge,21.15749,219,15,
weighing,significant,19.96608,468,16,
weighing,shoot,19.02793,118,17,
weighing,apples,18.86943,52,18,
weighing,oranges,18.01464,48,19,
weighing,scale,17.47556,243,20,
weighing,factor,16.87883,90,21,
weighing,prettier,15.83384,68,22,
weighing,equates,15.77395,52,23,
weighing,big,15.60834,239,24,
weighing,genre,15.39694,45,25,
weighing,bigger,14.87984,100,26,
weighing,key,14.80096,67,27,
weighing,normally,14.71544,41,28,
weighing,police,14.49368,136,29,
weighing,goal,14.02305,55,30,
weighing,grit,13.93934,113,31,
weighing,potential,13.61318,163,32,
weighing,massive,13.31729,131,33,
weighing,block,13.0884,231,34,
weighing,action,13.02675,72,35,
weighing,richer,13.01887,42,36,
weighing,zone,12.99081,214,37,
weighing,capture,12.7687,54,38,
weighing,backdrop,12.47182,62,39,
weighing,risk,12.1602,65,40,
weighing,accidents,11.90314,43,41,
weighing,planned,11.87164,52,42,
weighing,crowds,11.62088,68,43,
weighing,drastic,11.60207,22,44,
weighing,plus,11.48826,37,45,
weighing,scenic,11.20808,159,46,
weighing,destroyed,11.19699,24,47,
weighing,photogenic,11.14646,85,48,
weighing,composition,11.03854,147,49,
weighing,great,10.6091,93,50,
weighing,favored,10.46351,20,51,
weighing,volume,10.45849,49,52,
weighing,urbanity,10.41395,26,53,
weighing,hungry,10.40016,16,54,
weighing,despite,10.31409,63,55,
weighing,equated,10.27636,20,56,
weighing,stronger,10.15566,30,57,
weighing,mess,10.12975,85,58,
weighing,brightness,10.10531,18,59,
weighing,striking,10.09847,60,60,
weighing,vibe,9.9788,316,61,
weighing,photograph,9.92056,36,62,
weighing,equals,9.7808,13,63,
weighing,jump,9.74118,14,64,
weighing,weigh,9.7378,17,65,
weighing,likes,9.56766,23,66,
weighing,getting,9.56647,31,67,
weighing,prefers,9.39288,21,68,
weighing,specified,9.38897,17,69,
weighing,balance,9.36192,26,70,
weighing,nature,9.3417,70,71,
weighing,charm,9.11929,41,72,
weighing,cop,9.09244,12,73,
weighing,real,9.01867,65,74,
weighing,avenues,9.00024,13,75,
weighing,value,8.81949,23,76,
weighing,beats,8.80222,11,77,
weighing,cool,8.59553,42,78,
weighing,crowded,8.5196,115,79,
weighing,congestion,8.42654,27,80,
weighing,quintessential,8.42239,38,81,
weighing,underpass,8.33294,43,82,
weighing,fitting,8.23159,11,83,
weighing,step,8.18398,12,84,
weighing,drastically,8.14152,15,85,
weighing,chaos,8.12385,23,86,
weighing,feature,7.74469,59,87,
weighing,disaster,7.67146,13,88,
weighing,loves,7.67146,13,89,
weighing,quieter,7.60668,96,90,
weighing,rarely,7.52516,16,91,
weighing,correlated,7.50742,10,92,
weighing,snack,7.34179,26,93,
weighing,beautiful,7.32585,82,94,
weighing,petty,7.32282,12,95,
weighing,hazardous,7.31721,56,96,
weighing,landscape,7.28409,39,97,
weighing,wanting,7.20406,9,98,
weighing,bustling,7.17978,79,99,
weighing,lacks,7.16612,95,100,
weighing,ranked,7.08685,11,101,
weighing,riskier,7.06631,14,102,
weighing,perfect,7.0175,53,103,
weighing,staged,6.95478,8,104,
weighing,wanted,6.95478,8,105,
weighing,argued,6.9157,11,106,
weighing,brighter,6.9043,49,107,
weighing,completely,6.89036,39,108,
weighing,quick,6.85435,74,109,
weighing,marginal,6.7643,8,110,
weighing,canvas,6.75571,9,111,
weighing,upgrade,6.74504,13,112,
weighing,matter,6.67088,27,113,
weighing,leap,6.6369,7,114,
weighing,protected,6.62068,20,115,
weighing,emphasize,6.6169,6,116,
weighing,conventionally,6.6169,6,117,
weighing,balanced,6.51754,33,118,
weighing,minus,6.42837,7,119,
weighing,intrusive,6.40705,8,120,
dismissal,actually,197.84553,20267,1,hedge;reconsideration
dismissal,plaza,139.10098,10779,2,hedge;reconsideration
dismissal,park,135.85559,11440,3,hedge;reconsideration
dismissal,library,105.83417,9334,4,hedge;reconsideration
dismissal,don,102.50257,6833,5,hedge
dismissal,public,101.03085,10575,6,hedge;reconsideration
dismissal,really,95.49143,4238,7,hedge;reconsideration
dismissal,doesn,61.89535,3945,8,hedge
dismissal,subway,59.10991,6510,9,hedge;reconsideration
dismissal,libraries,54.23371,1329,10,hedge;reconsideration
dismissal,premise,50.26977,1247,11,hedge;reconsideration
dismissal,misidentifying,45.76447,685,12,hedge
dismissal,follow,39.14686,464,13,
dismissal,description,38.4958,600,14,hedge;reconsideration
dismissal,misleading,36.45442,507,15,hedge
dismissal,inaccurate,34.90859,379,16,
dismissal,unlikely,34.14027,408,17,hedge
dismissal,sense,33.84287,1776,18,hedge;perspective
dismissal,personal,33.4435,442,19,
dismissal,education,31.88851,410,20,
dismissal,wrong,31.5457,421,21,hedge
dismissal,student,31.26844,347,22,
dismissal,knowing,30.85542,393,23,hedge
dismissal,scenes,30.02328,668,24,verdict
dismissal,incorrect,29.79545,335,25,
dismissal,states,29.45953,346,26,
dismissal,academic,27.34139,282,27,
dismissal,obvious,27.15831,1949,28,
dismissal,data,26.82602,250,29,
dismissal,does,26.67714,479,30,weighing
dismissal,preferences,26.1348,235,31,reconsideration
dismissal,test,26.08233,226,32,
dismissal,love,25.38227,302,33,
dismissal,treat,24.54548,250,34,
dismissal,determined,24.44641,191,35,
dismissal,internal,24.31753,197,36,
dismissal,scores,24.12459,178,37,
dismissal,misidentification,24.0421,173,38,
dismissal,flawed,23.90103,214,39,
dismissal,specifically,23.85962,563,40,reconsideration;weighing
dismissal,strictly,22.90304,229,41,
dismissal,asserts,22.35182,226,42,
dismissal,supposed,22.21056,215,43,
dismissal,dangerous,22.01579,461,44,
dismissal,outcomes,21.94076,148,45,
dismissal,accept,20.97585,162,46,
dismissal,mislabeled,20.35763,139,47,
dismissal,false,20.17864,185,48,
dismissal,performance,20.11299,119,49,
dismissal,misinterpretation,19.49955,104,50,
dismissal,streetscapes,19.33875,136,51,
dismissal,actual,19.15746,532,52,reconsideration
dismissal,suspect,18.98818,129,53,
dismissal,interior,18.31833,335,54,
dismissal,misclassification,18.15054,96,55,
dismissal,fact,18.14501,125,56,
dismissal,ratings,17.72355,115,57,
dismissal,mislabeling,17.3718,95,58,
dismissal,danger,16.38255,278,59,
dismissal,cart,16.25585,207,60,
dismissal,statement,16.17697,81,61,
dismissal,claims,16.05449,132,62,
dismissal,distractor,15.77736,70,63,
dismissal,academics,15.31101,68,64,
dismissal,loose,15.29524,148,65,
dismissal,mistaken,14.83119,83,66,
dismissal,descriptions,14.73114,74,67,
dismissal,teen,14.65152,55,68,
dismissal,stations,14.38004,121,69,
dismissal,creator,14.35833,65,70,
dismissal,content,14.30381,154,71,
dismissal,teachers,14.25283,60,72,
dismissal,thinks,14.19714,63,73,
dismissal,ignore,13.99929,56,74,
dismissal,stretch,13.87652,122,75,
dismissal,sake,13.74562,64,76,
dismissal,doing,13.64352,64,77,
dismissal,programs,13.31309,73,78,
dismissal,frontage,13.17902,105,79,
dismissal,blocks,13.17834,176,80,
dismissal,teacher,12.81761,50,81,
dismissal,nope,12.74268,41,82,
dismissal,weird,12.71729,64,83,
dismissal,misinterpreting,12.71432,72,84,
dismissal,assertion,12.60614,80,85,reconsideration
dismissal,blur,12.58777,58,86,
dismissal,jeweler,12.57252,50,87,
dismissal,demographics,12.51071,44,88,
dismissal,pocket,12.49502,78,89,
dismissal,curriculum,12.35031,50,90,
dismissal,mischaracterization,12.07385,37,91,
dismissal,factually,11.96929,46,92,
dismissal,depends,11.94773,85,93,
dismissal,overthinking,11.58532,41,94,
dismissal,grille,11.57207,48,95,
dismissal,concentration,11.53212,37,96,
dismissal,generator,11.48552,46,97,
dismissal,mis,11.40392,37,98,
dismissal,population,11.15948,40,99,
dismissal,depicts,11.14934,52,100,
dismissal,yard,11.14568,297,101,
dismissal,sephora,11.02228,35,102,
dismissal,capital,10.96818,50,103,
dismissal,summit,10.86126,38,104,
dismissal,metadata,10.68159,32,105,
dismissal,error,10.66559,43,106,
dismissal,motion,10.52338,122,107,
dismissal,speaking,10.4752,34,108,
dismissal,identifying,10.46172,81,109,
dismissal,misunderstanding,10.42281,39,110,
dismissal,gives,10.35577,99,111,
dismissal,generated,10.32606,36,112,
dismissal,believe,10.18611,27,113,
dismissal,dataset,10.05084,49,114,
dismissal,globe,9.89149,176,115,
dismissal,contain,9.76799,50,116,
dismissal,mismatch,9.71566,39,117,
dismissal,stereotype,9.35222,22,118,
dismissal,famous,9.28567,94,119,
dismissal,logo,9.28192,175,120,
reconsideration,look,413.65584,55061,1,dismissal;verdict
reconsideration,examine,385.88322,55678,2,
reconsideration,prompt,306.19124,27988,3,dismissal;hedge
reconsideration,read,298.40125,24583,4,
reconsideration,evaluate,261.58166,33107,5,
reconsideration,closer,228.31677,13602,6,dismissal
reconsideration,check,227.11656,14654,7,dismissal
reconsideration,double,190.59912,10198,8,
reconsideration,reconsider,178.52951,9926,9,
reconsideration,think,173.81203,8104,10,verdict
reconsideration,york,152.67638,7877,11,dismissal
reconsideration,new,135.11339,7993,12,dismissal
reconsideration,looking,134.57191,14691,13,dismissal;hedge
reconsideration,try,128.76085,4366,14,dismissal
reconsideration,carefully,128.11152,5085,15,
reconsideration,says,122.7842,6827,16,dismissal
reconsideration,closely,106.72473,4080,17,dismissal;hedge
reconsideration,parks,98.28955,4659,18,dismissal;hedge
reconsideration,plazas,97.29844,4281,19,dismissal;hedge
reconsideration,reason,93.58731,2360,20,dismissal
reconsideration,city,78.56306,8095,21,dismissal
reconsideration,time,65.36855,1169,22,
reconsideration,asks,64.16045,1573,23,dismissal
reconsideration,entrances,61.37032,2583,24,dismissal;hedge;verdict
reconsideration,station,58.00486,3560,25,dismissal;hedge
reconsideration,evaluating,52.84668,909,26,
reconsideration,claim,52.60667,733,27,
reconsideration,zoom,49.78164,655,28,
reconsideration,clues,48.90157,634,29,
reconsideration,consider,48.16211,1145,30,dismissal;hedge
reconsideration,missed,43.35417,731,31,dismissal
reconsideration,search,40.58063,505,32,dismissal
reconsideration,signs,40.51078,3028,33,
reconsideration,rethink,39.54906,535,34,
reconsideration,restaurants,37.28787,1579,35,
reconsideration,word,36.00667,349,36,
reconsideration,thing,35.89029,462,37,
reconsideration,cue,35.41983,365,38,
reconsideration,buildings,34.02154,5144,39,dismissal
reconsideration,option,33.15919,531,40,
reconsideration,neglect,32.99068,793,41,
reconsideration,far,32.68842,700,42,
reconsideration,edges,31.826,419,43,
reconsideration,interpretation,31.18967,298,44,
reconsideration,aspect,29.7581,261,45,
reconsideration,reading,29.31349,230,46,
reconsideration,need,27.88291,510,47,dismissal;hedge
reconsideration,text,26.73203,465,48,
reconsideration,common,25.86955,617,49,
reconsideration,searching,24.5395,169,50,
reconsideration,flaws,24.31206,162,51,
reconsideration,interpret,24.2616,304,52,
reconsideration,names,23.32843,215,53,
reconsideration,sea,23.18702,162,54,
reconsideration,surroundings,22.39596,552,55,
reconsideration,thought,22.1563,132,56,
reconsideration,details,21.77531,800,57,
reconsideration,linden,21.71797,165,58,
reconsideration,intent,21.12805,122,59,
reconsideration,locations,20.82198,287,60,
reconsideration,logic,20.55598,113,61,
reconsideration,source,20.07738,118,62,
reconsideration,clue,19.79584,116,63,
reconsideration,specifics,17.83252,134,64,
reconsideration,original,17.74748,103,65,
reconsideration,phrasing,17.70309,95,66,
reconsideration,wording,17.26009,103,67,
reconsideration,ruins,16.86348,82,68,
reconsideration,scan,16.71538,75,69,
reconsideration,noticed,16.71295,77,70,
reconsideration,wants,15.5051,148,71,
reconsideration,foods,14.88767,107,72,
reconsideration,perceptions,14.40494,78,73,
reconsideration,provided,13.69692,177,74,
reconsideration,opening,13.59566,86,75,
reconsideration,reasons,13.58333,53,76,
reconsideration,examining,13.46092,48,77,
reconsideration,consensus,13.41124,50,78,
reconsideration,angles,13.17054,117,79,
reconsideration,globes,13.15121,72,80,
reconsideration,arthur,13.03669,48,81,
reconsideration,request,12.63486,46,82,
reconsideration,navy,12.50701,42,83,
reconsideration,regal,12.35532,42,84,
reconsideration,verizon,12.17462,73,85,
reconsideration,biases,11.82332,42,86,
reconsideration,verify,11.27574,34,87,
reconsideration,drug,11.165,33,88,
reconsideration,cinemas,10.91674,42,89,
reconsideration,difficulty,10.5132,30,90,
reconsideration,criteria,10.34455,52,91,
reconsideration,requirement,10.1787,28,92,
reconsideration,logos,9.85471,42,93,
reconsideration,markers,9.73946,80,94,
reconsideration,constraints,9.5062,26,95,
reconsideration,qualityline,9.5062,26,96,
reconsideration,requirements,9.5062,26,97,
reconsideration,tropes,9.35875,26,98,
reconsideration,patterns,8.78257,114,99,
reconsideration,commonalities,8.665,25,100,
reconsideration,constraint,8.09977,19,101,
reconsideration,kill,8.09925,48,102,
reconsideration,roadways,7.93918,54,103,
reconsideration,baguette,7.7938,41,104,
reconsideration,finding,7.55322,33,105,
reconsideration,format,7.53129,15,106,
reconsideration,applies,7.11231,17,107,
reconsideration,possibility,7.00397,28,108,
reconsideration,interpretations,6.99994,16,109,
reconsideration,chateaubriand,6.96557,13,110,
reconsideration,online,6.95911,15,111,
reconsideration,vein,6.90981,14,112,
reconsideration,hints,6.69523,12,113,
reconsideration,rollins,6.44972,13,114,
reconsideration,magnet,6.22115,23,115,
reconsideration,checking,6.17511,11,116,
reconsideration,aids,6.07344,33,117,
reconsideration,paris,6.05323,45,118,
reconsideration,premises,5.99744,25,119,
reconsideration,plumbing,5.91217,20,120,
hedge,maybe,284.03956,57767,1,dismissal
hedge,hard,206.31207,27354,2,dismissal
hedge,just,137.2252,19533,3,dismissal
hedge,tell,117.47574,8798,4,dismissal
hedge,possibly,110.76676,8474,5,
hedge,subjective,108.88409,10056,6,dismissal;perspective
hedge,similar,99.91991,8687,7,verdict
hedge,bet,98.8261,6849,8,verdict
hedge,school,85.09078,24057,9,
hedge,branch,76.54131,4980,10,
hedge,likely,76.09212,4495,11,
hedge,missing,75.91055,4490,12,dismissal;reconsideration
hedge,judge,74.12532,4797,13,dismissal
hedge,probably,71.10022,3929,14,verdict
hedge,trick,70.54688,3605,15,dismissal
hedge,slightly,63.54096,8949,16,verdict;weighing
hedge,different,58.84724,4315,17,dismissal
hedge,clearly,58.40842,12338,18,dismissal;verdict
hedge,honestly,57.9776,2266,19,dismissal
hedge,assume,49.42882,2177,20,dismissal;reconsideration
hedge,aren,46.25543,2142,21,dismissal
hedge,small,46.09466,13440,22,
hedge,isn,45.71892,3529,23,dismissal;verdict
hedge,specific,45.01846,4596,24,dismissal;reconsideration
hedge,community,43.6077,2051,25,
hedge,potentially,43.37186,2672,26,
hedge,necessarily,42.92047,1396,27,dismissal
hedge,unless,42.3965,1946,28,dismissal;weighing
hedge,forced,42.39176,1116,29,weighing
hedge,seen,41.46275,2190,30,weighing
hedge,harder,41.01858,1664,31,
hedge,definitively,38.28503,1046,32,dismissal
hedge,blurry,35.92417,868,33,
hedge,private,35.79284,2405,34,
hedge,guess,35.63159,809,35,verdict
hedge,insists,35.23392,759,36,
hedge,depending,34.66518,723,37,
hedge,subtle,34.63659,838,38,reconsideration
hedge,strong,33.64391,1608,39,weighing
hedge,safest,33.55916,1086,40,verdict
hedge,identify,33.48257,1276,41,verdict
hedge,given,33.3081,1381,42,weighing
hedge,minor,33.13309,1859,43,
hedge,suggest,32.97468,847,44,
hedge,true,31.78531,868,45,
hedge,referring,31.58243,708,46,dismissal
hedge,uncertainty,31.45271,813,47,
hedge,info,30.87406,901,48,dismissal
hedge,considers,30.1825,580,49,dismissal
hedge,seeing,30.12582,585,50,
hedge,hidden,29.97513,1604,51,reconsideration
hedge,mean,29.75441,1140,52,dismissal;weighing
hedge,tricky,29.3069,616,53,
hedge,regardless,28.77333,664,54,dismissal
hedge,possible,28.28871,858,55,dismissal;reconsideration
hedge,pretty,28.03554,1357,56,
hedge,way,27.64768,1955,57,dismissal
hedge,slight,27.59735,809,58,
hedge,tiny,27.41421,1039,59,dismissal
hedge,like,27.23501,31362,60,
hedge,unsafe,26.24537,855,61,
hedge,center,26.20299,2159,62,
hedge,mistake,25.99973,458,63,dismissal
hedge,meant,25.93641,536,64,dismissal
hedge,shown,25.3809,1019,65,dismissal
hedge,testing,25.15355,406,66,dismissal
hedge,particularly,25.09539,1218,67,
hedge,indicate,24.79881,607,68,
hedge,shots,24.75388,1273,69,dismissal;verdict
hedge,queens,24.75135,682,70,
hedge,inside,24.66048,1235,71,
hedge,toss,23.86803,356,72,
hedge,bad,23.7654,523,73,
hedge,brooklyn,22.53364,732,74,
hedge,imply,22.50939,661,75,
hedge,judging,22.01531,465,76,
hedge,concern,21.91722,321,77,
hedge,intended,21.91483,520,78,
hedge,immediately,21.65568,703,79,
hedge,explicitly,21.52025,425,80,
hedge,blind,21.01258,503,81,
hedge,trust,20.94611,293,82,dismissal
hedge,argue,20.83385,372,83,weighing
hedge,type,20.68369,950,84,
hedge,poorly,20.32244,837,85,
hedge,tough,19.72205,251,86,
hedge,night,19.4377,362,87,
hedge,uncertain,18.95231,212,88,
hedge,renovated,18.94933,758,89,
hedge,cafe,18.91113,2796,90,
hedge,misidentified,18.90703,216,91,
hedge,ability,18.86605,239,92,
hedge,manhattan,18.80064,551,93,
hedge,truly,18.65491,249,94,
hedge,charter,18.54402,374,95,
hedge,specialized,18.20808,485,96,
hedge,obviously,18.1689,486,97,
hedge,angle,18.11442,540,98,
hedge,schwarzman,17.8516,183,99,
hedge,stephen,17.60608,178,100,
hedge,alternatively,17.55946,248,101,weighing
hedge,assuming,17.47712,244,102,
hedge,ongoing,17.28864,341,103,
hedge,technically,17.26167,209,104,
hedge,ambiguity,17.09658,196,105,
hedge,hazard,16.97598,702,106,
hedge,know,16.94612,289,107,
hedge,certain,16.91911,365,108,
hedge,expect,16.83027,215,109,
hedge,leaning,16.71266,159,110,
hedge,perfectly,16.70593,954,111,
hedge,truth,16.63833,173,112,
hedge,assumes,16.52732,195,113,
hedge,exact,16.33552,203,114,
hedge,judgment,16.2871,272,115,
hedge,related,16.09226,429,116,
hedge,nypl,15.88724,228,117,
hedge,issue,15.50427,218,118,
hedge,kind,15.41748,261,119,
hedge,struggling,15.21625,181,120,
verdict,appealing,257.0552,14164,1,perspective;weighing
verdict,condition,252.09724,14491,2,perspective
verdict,good,246.06339,14115,3,
verdict,maintained,184.31858,20329,4,perspective
verdict,eat,170.10396,6277,5,perspective
verdict,safe,166.91405,7764,6,hedge;weighing
verdict,say,155.28492,7442,7,dismissal;hedge
verdict,lean,143.07148,4254,8,hedge
verdict,appropriate,135.37869,3808,9,weighing
verdict,stick,120.79435,2947,10,
verdict,terms,118.29192,5164,11,perspective;weighing
verdict,roadway,113.15108,5444,12,perspective
verdict,photoshoot,86.96737,2042,13,weighing
verdict,appear,63.61555,966,14,
verdict,fit,58.99153,762,15,
verdict,best,56.38263,868,16,hedge
verdict,use,56.3211,1368,17,
verdict,nyc,49.51481,3346,18,dismissal
verdict,conclusion,46.42956,749,19,
verdict,indicator,46.09631,663,20,
verdict,reasonable,45.7446,425,21,
verdict,final,42.92999,394,22,reconsideration
verdict,restaurant,40.7042,5164,23,
verdict,assessment,39.87892,360,24,
verdict,location,39.69515,1028,25,reconsideration;weighing
verdict,represent,39.38991,317,26,
verdict,superior,38.63925,393,27,
verdict,accurate,37.89631,388,28,
verdict,glaring,36.76399,461,29,perspective
verdict,respective,36.3201,345,30,
verdict,desirable,36.0746,332,31,
verdict,correct,34.08538,441,32,hedge
verdict,evidence,32.49197,356,33,
verdict,standard,32.47843,3791,34,
verdict,level,32.1674,1281,35,
verdict,meaning,32.05744,216,36,
verdict,equally,31.08281,240,37,
verdict,comparable,30.09421,337,38,
verdict,roughly,29.60181,246,39,
verdict,general,29.47637,934,40,dismissal;hedge
verdict,candidate,27.54427,274,41,
verdict,typical,26.26685,2468,42,
verdict,preferable,26.0215,139,43,
verdict,result,25.78747,173,44,
verdict,fits,24.98781,183,45,
verdict,yes,24.68932,167,46,
verdict,issues,23.07942,274,47,
verdict,winner,22.89949,295,48,
verdict,fair,22.79906,192,49,
verdict,definitive,22.36954,271,50,dismissal
verdict,excellent,22.10415,254,51,
verdict,honest,21.26882,114,52,
verdict,styles,21.26731,329,53,
verdict,preferring,21.19691,92,54,
verdict,provide,21.13924,279,55,
verdict,impressive,20.57186,346,56,
verdict,distinguishing,19.83129,102,57,
verdict,neutral,18.5812,102,58,
verdict,decision,18.37991,210,59,
verdict,requested,17.79649,81,60,
verdict,levels,17.663,109,61,
verdict,stands,17.412,182,62,
verdict,distinguish,17.25104,107,63,
verdict,met,16.39353,58,64,
verdict,educational,16.37262,267,65,
verdict,superiority,16.27468,62,66,
verdict,decide,16.25316,91,67,
verdict,logical,16.20925,63,68,
verdict,labeling,15.65141,50,69,
verdict,views,15.59678,182,70,
verdict,functioning,15.30543,137,71,
verdict,insufficient,15.22041,56,72,
verdict,eateries,14.97951,128,73,
verdict,rate,14.43258,44,74,
verdict,equal,14.42261,74,75,
verdict,contains,13.36156,87,76,
verdict,exteriors,13.02341,61,77,
verdict,reliably,12.95171,40,78,
verdict,exceptional,12.21368,39,79,
verdict,features,12.1654,357,80,
verdict,match,12.03791,50,81,
verdict,described,11.85761,38,82,
verdict,depict,11.70008,30,83,
verdict,presents,11.62914,50,84,
verdict,exceptionally,11.58937,74,85,
verdict,differentiator,11.58029,52,86,
verdict,attractive,11.42999,69,87,
verdict,candidates,11.27724,29,88,
verdict,inferior,11.00951,26,89,
verdict,standout,11.00495,32,90,
verdict,sheer,10.77898,47,91,
verdict,non,10.76866,96,92,
verdict,substantial,10.58727,192,93,
verdict,mark,10.3764,32,94,
verdict,desirability,10.31031,35,95,
verdict,advantage,10.08614,25,96,
verdict,qualities,9.5531,31,97,
verdict,conclude,9.53398,29,98,
verdict,differentiate,9.29723,24,99,
verdict,vastly,9.1071,27,100,
verdict,according,9.03717,25,101,
verdict,experiences,8.98189,27,102,
verdict,versus,8.88995,33,103,
verdict,normal,8.73713,258,104,
verdict,existent,8.68404,47,105,
verdict,notably,8.65052,50,106,
verdict,legitimate,8.46331,24,107,
verdict,thereof,8.4121,19,108,
verdict,essentially,8.28486,22,109,
verdict,outshines,8.25033,14,110,
verdict,negligible,8.24759,30,111,
verdict,equivalent,8.21472,30,112,
verdict,respectable,8.16309,24,113,
verdict,defects,8.0933,50,114,
verdict,conditions,8.04835,42,115,
verdict,excellently,7.96241,20,116,
verdict,mentioned,7.73809,27,117,
verdict,snapshots,7.37347,17,118,
verdict,extra,7.35698,25,119,
verdict,lesser,7.32629,19,120,
